|Average Differences proportion-accuracies without --n_neurons 10,--num_repeats over 50images|

Column names:
0,1,2,3,4,5,6,7,8,9,Average

Difference Averages:
0.0,-2.6666666666666665,-0.9333333333333333,-1.7333333333333334,-0.13333333333333333,-0.26666666666666666,3.066666666666667,1.0666666666666667,4.133333333333334,-0.13333333333333333,0.24000000000000002
Standard Deviations of Difference Averages:
0.0,4.935134806219133,6.060436361260539,6.727720432822862,10.965805437307779,7.150446761489025,8.160609998986324,8.72900656177755,5.4389541478323045,3.5377331097124265,0.8647157529115179

Difference Standard deviations:
0.0,0.27313214380182416,-1.0918158237163031,-0.31381191897712196,-1.5054512553562438,1.6701444725135144,-1.989681910337168,-0.03949228021841134,-2.23249219301294,-0.2315319547524517,-0.54610007200553
Standard Deviations of Difference Standard deviations:
0.0,4.810503395512907,4.309266333248254,3.926815543268746,6.967287873782147,4.356491497679138,5.138141250929563,5.586204688781827,3.8302040148083516,2.830710807995125,1.1944802583319591

