|Average Differences all-accuracies with --time 20 without --n_neurons 10,--num_repeats over 100images|

Column names:
0,1,2,3,4,5,6,7,8,9,10,11,12,13,14,15,16,17,18,19,Average

Difference Averages:
0.0,-2.8,-1.0,-2.8,-1.0,0.6,2.6,1.6,5.6,-2.2,1.4,-2.2,-1.4,-0.6,-0.6,2.4,0.6,-1.8,0.6,0.0,-0.050000000000000024
Standard Deviations of Difference Averages:
0.0,4.995998398718719,6.082762530298219,6.144916598294887,11.974973903938164,6.8731361109758335,5.868560300448483,10.423051376636305,5.642694391866353,5.095095681142799,4.199999999999999,3.944616584663204,4.386342439892262,5.141984052872977,6.003332407921453,4.5431266766402185,4.737087712930805,1.6613247725836149,2.835489375751565,2.3664319132398464,0.6591661399070798

Difference Standard deviations:
0.0,0.9647224388884148,0.9689634299377843,0.8539143787602186,0.9246589423694882,2.0798296863563848,-3.414847554584437,0.9160397955077956,-2.7597947023365554,0.3716915005856853,-0.6707917423854367,2.877517177314755,-0.8710457942162602,0.12950992966442226,1.1848740323055122,-3.0902310104615665,-0.39483865201342516,2.410046377253038,0.194514380398709,0.14595633139043063,0.14103444723674782
Standard Deviations of Difference Standard deviations:
0.0,2.6371253735391464,3.2816811421642926,5.2823688584452855,6.747422938183517,4.8589281930917645,5.573651281656201,5.828367990605336,4.372524152189409,4.344816769359924,3.4412161487739414,2.2472581512454823,5.0257880129786905,5.399577164554255,3.0933008827236868,3.212583915127696,5.094226006675456,3.942266196825921,2.8637332980944645,4.6639993366432115,0.9381305215977175

