|Average Differences proportion-accuracies with --time 20 without --n_neurons 10,--num_repeats over 100images|

Column names:
0,1,2,3,4,5,6,7,8,9,10,11,12,13,14,15,16,17,18,19,Average

Difference Averages:
0.0,-3.0,1.0,-1.4,-2.0,-0.6,3.8,1.6,5.4,-1.0,2.2,-4.2,-1.6,-1.0,-0.6,1.8,0.8,-1.6,0.4,-0.6,-0.030000000000000006
Standard Deviations of Difference Averages:
0.0,5.079370039680118,4.123105625617661,5.8,11.696153213770756,6.931089380465383,8.874683092933516,10.190191362285598,5.370288632839022,3.492849839314596,5.8275209137333865,5.96322060635023,4.543126676640219,4.919349550499537,6.003332407921453,4.770744176750625,4.833218389437828,1.4966629547095767,2.9393876913398134,2.009975124224178,0.6050619802962338

Difference Standard deviations:
0.0,1.0963371310911996,0.8799271574620748,0.09316399259315489,0.6543436002753044,2.5737678166713325,-1.4170004096863402,-0.037355652147608255,-2.27538820566157,-0.2941519511575663,-0.6130588558614907,3.516236314335046,-0.8504687844998969,0.26622917154231907,1.1848740323055122,-1.3385208982259564,-0.5748433382289863,2.389842274366309,0.794514380398709,0.5560911085414226,0.3302269442056486
Standard Deviations of Difference Standard deviations:
0.0,2.8069479161544524,3.622505920807019,3.437354950968632,6.65925359391875,3.2601515673525956,5.662604495411298,6.0139512707515825,3.789169778701318,3.0450972895912254,3.9005389867836757,3.871566889367543,4.198116834712809,5.480444656061823,3.0933008827236868,5.273362630527401,5.469164517859319,3.950795810226961,3.347768084281907,3.942072106923022,1.0273725104526272

