|Average Differences proportion-accuracies with --n_train 200 without --n_neurons 10,--num_repeats over 100images|

Column names:
0,1,2,3,4,5,6,7,8,9,10,11,12,13,14,15,16,17,18,19,Average

Difference Averages:
0.0,-4.0,-0.6666666666666666,-2.6666666666666665,-0.3333333333333333,0.0,6.0,-1.6666666666666667,5.333333333333333,0.3333333333333333,-2.3333333333333335,-5.666666666666667,1.0,-2.6666666666666665,2.6666666666666665,-1.0,2.3333333333333335,0.3333333333333333,-2.0,-0.6666666666666666,-0.28333333333333327
Standard Deviations of Difference Averages:
0.0,4.760952285695233,7.180219742846006,8.844332774281067,14.44145268162298,5.41602560309064,4.47213595499958,4.818944098266987,4.714045207910317,3.5433819375782165,7.431165603202651,6.774133810967191,5.131601439446884,4.268749491621898,4.853406592853679,3.7859388972001824,6.262764742685312,3.901566636906542,4.47213595499958,0.9428090415820634,0.4597704741377907

Difference Standard deviations:
0.0,-2.21429710812346,0.46175578595288186,0.7057144626802362,0.6274594981357445,3.0518318508551823,-4.365056560576658,-1.660632014117079,-5.772724057521473,-0.08346820275686806,0.11760310349358132,2.99576779883666,-1.6080083779259287,3.9340327153934695,-0.832124729003807,-0.8277715911826276,-1.7809474849939952,1.569401310833123,2.0,1.8010414124776162,-0.09402110937717008
Standard Deviations of Difference Standard deviations:
0.0,4.281187152573382,4.19819289174609,3.552671700932629,7.977589994588692,3.2507868881214868,4.923656479010316,5.739496024351927,2.658424526897192,2.7053951574584825,3.0075742057467667,3.4675464948866908,6.257971206433279,3.7690224528018392,3.9544383021365768,6.119499653112819,4.459044572199752,4.574612131707033,4.47213595499958,2.5702633906985954,1.0427474695050325

