|Average Differences all-accuracies with --n_neurons 40 without --n_neurons 10,--num_repeats|

Column names:
0,1,2,3,4,5,6,7,8,9,10,11,12,13,14,15,16,17,18,19,20,21,22,23,24,25,26,27,28,29,30,31,32,33,34,35,36,37,38,39,Average

Difference Averages:
0.0,-2.0,-5.0,5.0,-1.0,7.0,-5.0,16.0,-3.0,2.0,-1.0,-11.0,0.0,-2.0,1.0,-5.0,10.0,3.0,-2.0,3.0,-0.7,0.0,0.0,-12.0,0.0,-6.0,-2.0,0.0,2.0,2.0,0.0,0.0,0.0,-2.0,2.0,2.0,0.0,0.0,2.0,2.0,0.25
Standard Deviations of Difference Averages:
0.0,2.0,1.0,5.0,1.0,3.0,1.0,14.0,1.0,6.0,3.0,9.0,6.0,6.0,11.0,3.0,2.0,5.0,10.0,1.0,1.3,0.0,0.0,0.0,0.0,0.0,0.0,0.0,0.0,0.0,0.0,0.0,0.0,0.0,0.0,0.0,0.0,0.0,0.0,0.0,0.35

Difference Standard deviations:
0.0,-0.3050796950665209,-2.3388553879480707,-3.0682980128926403,0.7676735082022379,1.6287632454005427,-3.4299799310156462,-6.777403857546586,-1.6132477258361497,-3.8283857731841673,-0.19541448304115772,6.483314773547883,-3.1413955336182493,-1.3425147506351038,-0.3890187727475425,-3.844116658828213,-4.400252025264148,0.02460772310988535,4.4015800695812946,-7.636968762337047,2.314539537190774,3.416407864998739,0.0,9.797958971132712,0.0,8.124515496597098,2.0,0.0,3.0082895037329855,-2.0,0.0,-4.0,0.0,6.0,-6.0,-6.0,0.0,0.0,-6.0,-6.0,-0.963515384701829
Standard Deviations of Difference Standard deviations:
0.0,0.3050796950665209,1.1451038628137677,0.3347971743142395,1.332077734039542,2.1540670831344455,6.56201766690244,1.024517479785354,3.0,4.445774293932248,1.4250848687721502,0.48331477354788266,2.681144847062347,0.6934041099615857,5.99048187543915,0.8774871117324476,0.5932527742936955,0.6081998581111465,7.5984199304187054,1.6369687623370472,3.6854604628092265,0.0,0.0,0.0,0.0,0.0,0.0,0.0,0.0,0.0,0.0,0.0,0.0,0.0,0.0,0.0,0.0,0.0,0.0,0.0,0.40740554091662334

