|Average Differences all-accuracies without --n_neurons 10,--num_repeats over 50images|

Column names:
0,1,2,3,4,5,6,7,8,9,Average

Difference Averages:
0.0,-2.6666666666666665,-1.3333333333333333,-2.2666666666666666,0.5333333333333333,1.2,1.8666666666666667,0.8,4.266666666666667,-0.26666666666666666,0.2133333333333334
Standard Deviations of Difference Averages:
0.0,4.8808013913928345,6.436009805945158,7.334545354386702,11.062649873435488,6.843001290856716,5.289822513300632,9.086253353280437,6.233957188032512,5.507167047483569,0.8655377262462658

Difference Standard deviations:
0.0,0.061734009891785034,-1.0206343040094443,0.702146657063511,-1.6426213045377256,0.6940446855057905,-3.4584298267501463,0.2904327888210717,-2.933943581355628,-0.22397805913946817,-0.7531248934510252
Standard Deviations of Difference Standard deviations:
0.0,5.0527475338538865,4.098775923675921,4.476758513324069,6.930452941614727,5.749834306323363,5.326694945756731,5.758286458607154,4.237575466053403,3.946151332090634,1.7480630948774818

