|Average Differences all-accuracies without --n_neurons 10,--num_repeats over 100images|

Column names:
0,1,2,3,4,5,6,7,8,9,10,11,12,13,14,15,16,17,18,19,Average

Difference Averages:
0.0,-2.6666666666666665,-1.3333333333333333,-2.2666666666666666,0.5333333333333333,1.2,1.8666666666666667,0.8,4.266666666666667,-0.26666666666666666,-1.0666666666666667,-3.2,-1.8666666666666667,-0.6666666666666666,0.6666666666666666,1.0666666666666667,1.6,-0.26666666666666666,-0.4,0.4,-0.07999999999999999
Standard Deviations of Difference Averages:
0.0,4.8808013913928345,6.436009805945158,7.334545354386702,11.062649873435488,6.843001290856716,5.289822513300632,9.086253353280437,6.233957188032512,5.507167047483569,6.016274225428521,5.694441734416699,4.7027178902795725,5.545769158156112,6.007402840570032,4.668571040003092,5.941941321375251,3.08688984074406,3.878143885933063,2.0912516188477497,0.5694441734416699

Difference Standard deviations:
0.0,0.061734009891785034,-1.0206343040094443,0.702146657063511,-1.6426213045377256,0.6940446855057905,-3.4584298267501463,0.2904327888210717,-2.933943581355628,-0.22397805913946817,0.5359161856408166,2.6983534772547815,1.9420880539703513,0.34641992626456286,0.45706612993548545,-2.257929310114095,-0.08315461039562481,0.6344581091686082,0.9296762535991393,-1.1026957790730463,-0.17155252491296383
Standard Deviations of Difference Standard deviations:
0.0,5.0527475338538865,4.098775923675921,4.476758513324069,6.930452941614727,5.749834306323363,5.326694945756731,5.758286458607154,4.237575466053403,3.946151332090634,4.045667643755624,2.367727810913372,7.062637198508279,5.862851115727063,3.692973595248545,3.750817248060054,5.364009386539684,4.529903504985188,3.7720336992165286,4.527713631337786,1.0202295891302828

