|Average Differences proportion-accuracies with --n_neurons 40,--n_train 200 without --n_neurons 10,--num_repeats|

Column names:
0,1,2,3,4,5,6,7,8,9,10,11,12,13,14,15,16,17,18,19,20,21,22,23,24,25,26,27,28,29,30,31,32,33,34,35,36,37,38,39,Average

Difference Averages:
0.0,-4.0,-14.0,10.0,-2.0,10.0,-2.0,2.0,-2.0,6.0,6.0,-20.0,6.0,4.0,12.0,-8.0,-2.0,8.0,-12.0,-2.0,0.0,0.0,0.0,-12.0,0.0,-4.0,2.0,0.0,2.0,2.0,0.0,0.0,0.0,-2.0,2.0,2.0,0.0,0.0,2.0,2.0,-0.2
Standard Deviations of Difference Averages:
0.0,0.0,0.0,0.0,0.0,0.0,0.0,0.0,0.0,0.0,0.0,0.0,0.0,0.0,0.0,0.0,0.0,0.0,0.0,0.0,0.0,0.0,0.0,0.0,0.0,0.0,0.0,0.0,0.0,0.0,0.0,0.0,0.0,0.0,0.0,0.0,0.0,0.0,0.0,0.0,0.0

Difference Standard deviations:
0.0,-0.6101593901330418,-6.439088914585774,-3.4030951872068798,4.196299932826758,3.7828303285349882,-7.749003836105329,-5.752886377761232,-2.404082057734577,-2.0,0.6132477258361497,4.0,-4.019187909163957,-0.6491106406735181,-6.379500648186692,-2.9666295470957653,-3.193751525134303,-0.5835921350012612,12.0,4.806248474865697,0.0,0.0,0.0,9.797958971132712,0.0,5.266499161421599,-1.1651513899116797,0.0,3.0082895037329855,-2.0,0.0,-4.0,0.0,6.0,-6.0,-6.0,0.0,0.0,-6.0,-6.0,-0.5960966365085781
Standard Deviations of Difference Standard deviations:
0.0,0.0,0.0,0.0,0.0,0.0,0.0,0.0,0.0,0.0,0.0,0.0,0.0,0.0,0.0,0.0,0.0,0.0,0.0,0.0,0.0,0.0,0.0,0.0,0.0,0.0,0.0,0.0,0.0,0.0,0.0,0.0,0.0,0.0,0.0,0.0,0.0,0.0,0.0,0.0,0.0

