|Average Differences all-accuracies without --n_neurons 10,--num_repeats over 100images|

Column names:
0,1,2,3,4,5,6,7,8,9,10,11,12,13,14,15,16,17,18,19,Average

Difference Averages:
0.0,-2.9411764705882355,-0.5882352941176471,-1.5294117647058822,0.5882352941176471,0.35294117647058826,2.4705882352941178,-0.11764705882352941,3.411764705882353,0.35294117647058826,-0.23529411764705882,-2.3529411764705883,-1.8823529411764706,-1.0588235294117647,1.6470588235294117,0.47058823529411764,0.11764705882352941,-0.11764705882352941,0.35294117647058826,0.0,-0.05294117647058823
Standard Deviations of Difference Averages:
0.0,4.658585852523136,6.463097268150763,7.309282149180738,10.443454598198658,6.868009185565376,5.337080575159414,8.956642969729074,6.315795544220964,5.70800445680386,6.430894291160682,5.830358443935938,4.625789000314706,5.318896261391678,6.258558154480182,4.87632512377946,6.9102000732180775,2.9482268437980395,4.1859874999193405,2.275185835978084,0.5531914327298234

Difference Standard deviations:
0.0,0.8205459276457188,-0.8792660770230927,0.984367110871762,-1.5501931721873898,1.2062869836842447,-3.24722090300181,0.12672676074760889,-1.921640290010427,-0.16600067075306915,-0.692493099847291,2.012333478115498,1.6567171601668316,0.8745223595955661,-0.5772877442595803,-0.7788030150906928,0.6474720973444584,0.4213453792433773,0.5698196556646162,-0.45495224771941156,-0.04738601534065417
Standard Deviations of Difference Standard deviations:
0.0,5.562599002843567,4.005424104605943,4.405934015226482,6.519998608973554,5.625723450555279,5.35299171348217,5.4888416334850865,4.868140813143636,3.711308390948791,5.113101785096666,3.862503720649906,7.021520454325332,5.713194812714514,4.48231651789615,5.711816197691388,5.440264333255838,4.3138744490818555,3.721989980303563,4.681303630773856,1.0188054548320153

