|Average Differences all-accuracies without --n_neurons 10,--num_repeats over 50images|

Column names:
0,1,2,3,4,5,6,7,8,9,Average

Difference Averages:
0.0,-2.9411764705882355,-0.5882352941176471,-1.5294117647058822,0.5882352941176471,0.35294117647058826,2.4705882352941178,-0.11764705882352941,3.411764705882353,0.35294117647058826,0.19999999999999996
Standard Deviations of Difference Averages:
0.0,4.658585852523136,6.463097268150763,7.309282149180738,10.443454598198658,6.868009185565376,5.337080575159414,8.956642969729074,6.315795544220964,5.70800445680386,0.8317239361004064

Difference Standard deviations:
0.0,0.8205459276457188,-0.8792660770230927,0.984367110871762,-1.5501931721873898,1.2062869836842447,-3.24722090300181,0.12672676074760889,-1.921640290010427,-0.16600067075306915,-0.46263943300264554
Standard Deviations of Difference Standard deviations:
0.0,5.562599002843567,4.005424104605943,4.405934015226482,6.519998608973554,5.625723450555279,5.35299171348217,5.4888416334850865,4.868140813143636,3.711308390948791,1.840236387019667

