|Average Differences all-accuracies with --n_neurons 40 without --n_neurons 10,--num_repeats over 100images|

Column names:
0,1,2,3,4,5,6,7,8,9,10,11,12,13,14,15,16,17,18,19,Average

Difference Averages:
0.0,-1.5,-0.5,2.5,-0.5,2.5,-2.0,6.0,1.0,3.0,2.5,-7.0,-1.5,-2.0,6.5,1.0,0.5,1.5,1.0,1.5,0.725
Standard Deviations of Difference Averages:
0.0,2.598076211353316,5.361902647381804,7.123903424387503,1.6583123951777,5.172040216394301,3.7416573867739413,14.696938456699069,7.54983443527075,6.082762530298219,5.894913061275798,9.0,5.722761571129799,4.47213595499958,9.630680142129112,8.06225774829855,9.836157786453,4.092676385936225,7.810249675906654,3.278719262151,0.39607448794387146

Difference Standard deviations:
0.0,-1.02533694287748,0.2830942026943548,-1.2262017619141767,-0.14335977958948476,2.596776345937656,-6.2028928998817925,-1.6709723071914677,0.49507797823751254,-1.279778015519622,-3.1221154039816286,5.708864485443081,-2.5645524144221534,-0.31332952166798167,-3.4524073171395044,-0.4752647432463588,-1.6455195250837047,-0.41799429073772654,1.371223279357797,-3.433547052807499,-0.8259117842195091
Standard Deviations of Difference Standard deviations:
0.0,1.8275926187123244,2.751876370168163,1.9076231762754376,1.471150376995811,3.1001473773003263,5.592629243570197,5.377179646920441,3.2700620172953387,4.079848160374136,3.417577488348891,0.9690443513983079,3.931466339319142,4.04335770822652,5.306066838407323,3.638747643382515,5.277806997773158,1.2231016553974383,6.226533145238872,6.101433591276972,0.8947232125061454

