|Average Differences proportion-accuracies with --n_neurons 20 without --inh ,--exc ,--intensity ,--seed ,--num_repeats over 100images|

Column names:
0,1,2,3,4,5,6,7,8,9,10,11,12,13,14,15,16,17,18,19,Average

Difference Averages:
0.0,-2.4,-5.2,-2.4,3.2,-1.2,2.0,1.2,2.0,0.0,-1.6,-0.8,-1.6,1.6,-0.8,-0.4,-0.4,-0.4,0.0,1.2,-0.29999999999999993
Standard Deviations of Difference Averages:
0.0,5.986651818838306,6.764613810115105,3.1999999999999997,9.682974749528164,6.013318551349163,11.242775458044157,6.764613810115105,4.0,2.8284271247461903,1.4966629547095767,4.1182520563948,1.9595917942265426,2.939387691339814,0.9797958971132713,3.4409301068170506,2.65329983228432,1.4966629547095767,0.0,0.9797958971132713,0.20976176963403032

Difference Standard deviations:
0.0,0.8148887587007728,-3.2727029985879597,0.1245086771083475,-2.926924924954521,-1.8152318529915408,-1.1104028198761717,0.01001988903986124,-0.5049013254219116,1.9186111373771972,3.7612496949731393,1.2404082057734578,4.8,-2.066060555964672,2.4,1.2,1.2,2.0,0.0,-3.6,0.20867309425879998
Standard Deviations of Difference Standard deviations:
0.0,6.066118070591635,4.055582400930406,4.989505824626932,8.0569498328457,4.1764945505720625,3.0529767280498805,4.371129020628878,1.9294769081418117,3.485161358883811,3.0851263170876475,3.042245625390943,5.878775382679627,3.9159967368856323,2.939387691339814,7.417884041984097,5.6,3.3466401061363023,0.0,2.9393876913398134,0.8277851258223738

