|Average Differences proportion-accuracies without --n_neurons 10,--num_repeats over 50images|

Column names:
0,1,2,3,4,5,6,7,8,9,Average

Difference Averages:
0.0,-2.6153846153846154,-0.9230769230769231,-1.2307692307692308,-0.46153846153846156,-1.2307692307692308,2.769230769230769,0.9230769230769231,3.5384615384615383,0.15384615384615385,0.09230769230769233
Standard Deviations of Difference Averages:
0.0,4.9230769230769225,6.498065255982423,6.996195077478199,11.506622739270863,6.818006094203181,8.284868934053083,9.368207598546665,4.651143525486454,2.8781979898261087,0.8324768774442267

Difference Standard deviations:
0.0,0.21129042534021636,-1.4911943738059643,-0.22350748537547446,-1.4027424961149533,1.6518128897938025,-1.7795784451764693,-1.1198797477685583,-2.898709557652512,0.2686096417729573,-0.6783899148986954
Standard Deviations of Difference Standard deviations:
0.0,4.812741862165997,4.458959671116598,4.1269033867910805,7.405547359744394,4.626423445828297,4.743504085290198,5.191556352019877,3.4993304297005228,2.7139909762090193,1.209952451503413

