|Average Differences proportion-accuracies with --time 40 without --n_neurons 10,--num_repeats over 100images|

Column names:
0,1,2,3,4,5,6,7,8,9,10,11,12,13,14,15,16,17,18,19,Average

Difference Averages:
0.0,-6.0,-8.0,-2.0,13.0,-7.0,11.0,4.0,0.0,-3.0,-1.0,-3.0,0.0,1.0,-1.0,-3.0,0.0,0.0,0.0,2.0,-0.15000000000000002
Standard Deviations of Difference Averages:
0.0,4.0,6.0,0.0,3.0,3.0,5.0,8.0,4.0,1.0,1.0,5.0,0.0,3.0,1.0,3.0,0.0,2.0,0.0,0.0,0.05

Difference Standard deviations:
0.0,-5.008288703092223,-2.1503541559249237,-1.4609571364512766,-0.4210952269789878,1.5107366924432473,-3.1448278664355955,0.6332495807107996,-2.1256282375435296,3.2158252756666394,3.0,0.7751108410485132,0.0,-0.5825756949558398,3.0,6.4031242374328485,0.0,2.0,0.0,-6.0,-0.01778401970401633
Standard Deviations of Difference Standard deviations:
0.0,1.387789351278915,6.051686872942365,5.657257069278034,8.041594578792296,0.9854328547093445,0.17343915529580567,4.6332495807108,2.1256282375435296,2.05067388575496,3.0,4.3935597349145405,0.0,2.58257569495584,3.0,6.4031242374328485,0.0,4.0,0.0,0.0,1.2354890752310403

