|Average Differences all-accuracies with --n_train 200 without --n_neurons 10,--num_repeats over 100images|

Column names:
0,1,2,3,4,5,6,7,8,9,10,11,12,13,14,15,16,17,18,19,Average

Difference Averages:
0.0,-4.0,0.6666666666666666,-3.6666666666666665,0.3333333333333333,2.3333333333333335,0.6666666666666666,-3.3333333333333335,5.666666666666667,1.3333333333333333,-4.0,-3.6666666666666665,0.3333333333333333,-3.3333333333333335,2.6666666666666665,0.6666666666666666,4.0,0.6666666666666666,-2.0,0.0,-0.2333333333333333
Standard Deviations of Difference Averages:
0.0,4.618802153517006,6.79869268479038,8.749603165604459,14.715826703096077,5.587684871413404,4.109609335312651,4.268749491621898,5.343739847293799,5.2493385826745405,6.429100507328637,7.951240294584374,5.821416398857661,5.2493385826745405,4.853406592853679,4.268749491621898,6.2182527020592095,3.9440531887330774,4.47213595499958,1.1547005383792515,0.45338235029118146

Difference Standard deviations:
0.0,-2.5055173319793953,-0.13841738819745864,0.9364743915904757,-0.5378989335396428,0.2730377757120503,-3.610780537033764,-1.100310848982432,-6.654560967368229,-0.2379144009854907,-0.25468807611466165,1.759751864305002,0.09587993171604481,4.8107183263947695,-0.832124729003807,-4.355296822834574,-1.88315543930002,0.5694013108331232,2.0,0.0,-0.5832700937394008
Standard Deviations of Difference Standard deviations:
0.0,4.972183244868866,3.9691332303079925,6.118090017727669,8.126532300671188,4.773194597927278,4.0398752277276015,5.486280676928939,2.765347918412532,3.669065585417008,3.0609570354559024,2.5287244004844105,8.490783592312035,4.740170898525895,3.9544383021365768,3.0273538604900487,4.497122463090952,5.391278028188438,4.47213595499958,3.4641016151377544,1.0297305900741007

