|Average Differences all-accuracies with --time 10 without --n_neurons 10,--num_repeats over 100images|

Column names:
0,1,2,3,4,5,6,7,8,9,10,11,12,13,14,15,16,17,18,19,Average

Difference Averages:
0.0,-0.6666666666666666,-2.0,-2.0,-1.3333333333333333,4.0,-1.3333333333333333,2.0,0.6666666666666666,6.666666666666667,-8.666666666666666,-8.666666666666666,-2.6666666666666665,-0.6666666666666666,5.333333333333333,-1.3333333333333333,6.666666666666667,3.3333333333333335,-4.0,1.3333333333333333,-0.16666666666666666
Standard Deviations of Difference Averages:
0.0,4.714045207910317,9.092121131323903,10.708252269472673,5.734883511361751,4.898979485566356,3.39934634239519,4.898979485566356,3.7712361663282534,1.8856180831641267,6.599663291074444,8.379870059984357,6.599663291074443,8.055363982396383,5.734883511361751,4.714045207910317,8.219218670625303,3.39934634239519,5.656854249492381,0.9428090415820634,0.40276819911981904

Difference Standard deviations:
0.0,-1.2780719090908217,-3.874839359162682,-0.43054633573506607,-4.774548550862389,-0.5053674357550442,-4.2454204530469335,-5.162271049727406,-4.348004759396631,-2.7472457609535184,0.915553402822205,3.900043461891389,6.613926250572622,0.6337331991080747,-1.664249458007614,-3.655543182365255,-1.0996442119333736,-2.194530711667087,4.0,-4.0,-1.1958513431654765
Standard Deviations of Difference Standard deviations:
0.0,9.739051898367496,1.9552802339433086,2.271797644422675,3.3618964519467096,3.1760943038464786,4.108037818808034,2.1230931840524083,4.397189910720623,2.5934930574558908,4.178734939501676,2.1889827977892127,8.820119660802906,8.572602336822785,5.467202341378112,1.7041031849910904,6.6079411054957005,2.701399923908909,5.656854249492381,2.8284271247461903,0.9446129496802569

