|Average Differences all-accuracies without --n_neurons 10,--num_repeats over 50images|

Column names:
0,1,2,3,4,5,6,7,8,9,Average

Difference Averages:
0.0,-3.3333333333333335,-1.3333333333333333,-1.6666666666666667,1.1111111111111112,0.4444444444444444,2.5555555555555554,0.6666666666666666,3.5555555555555554,0.1111111111111111,0.2111111111111111
Standard Deviations of Difference Averages:
0.0,4.8074017006186525,6.992058987801011,7.125852775477317,10.375660026603336,6.685159536218367,5.198527806795371,9.285592184789413,6.166416411338492,5.636083045765511,0.8095876103087498

Difference Standard deviations:
0.0,0.41962237308922684,-0.613677255131952,0.7818177326178894,-1.040710254187351,0.9907878754559639,-3.166706351231305,-0.16266335624573725,-2.218576893977714,0.1358048754788569,-0.48743012541321235
Standard Deviations of Difference Standard deviations:
0.0,5.652968627625219,4.043668779777358,4.362481200112953,6.675434991318891,5.5389509270669635,5.212754221408783,5.466016088828896,4.886830071821454,3.8153728912248384,1.7913069456177355

