|Average Differences proportion-accuracies with --n_neurons 30 without --n_neurons 10,--num_repeats|

Column names:
0,1,2,3,4,5,6,7,8,9,10,11,12,13,14,15,16,17,18,19,20,21,22,23,24,25,26,27,28,29,30,31,32,33,34,35,36,37,38,39,Average

Difference Averages:
0.0,-5.0,3.0,-3.0,1.0,-3.0,3.0,1.0,6.0,0.0,-10.0,-5.0,-5.0,-1.0,3.0,0.0,9.0,-1.0,-2.0,-2.0,-0.25,0.0,-2.0,-2.0,4.0,0.0,0.0,-4.0,2.0,2.0,0.0,0.0,0.0,0.0,2.0,0.0,-2.0,0.0,0.0,0.0,-0.4
Standard Deviations of Difference Averages:
0.0,3.0,3.0,11.0,5.0,1.0,1.0,1.0,0.0,0.0,8.0,1.0,3.0,7.0,3.0,2.0,7.0,1.0,2.0,2.0,0.25,0.0,0.0,0.0,0.0,0.0,0.0,0.0,0.0,0.0,0.0,0.0,0.0,0.0,0.0,0.0,0.0,0.0,0.0,0.0,0.1

Difference Standard deviations:
0.0,-4.211780304662927,-0.3667504192892004,1.270662592200524,-0.0493336414912795,6.924217708158807,-2.1718308310603724,-2.096856051741316,-5.7979589711327115,1.7342700951444439,-1.8571925043739714,3.8516541137839475,4.135222192125508,1.3286944953844584,-0.9398734436288745,-0.9250456482114302,-2.2418219405483413,0.31640379061051593,4.0,4.0,0.9825016998302892,0.0,1.1651513899116797,-2.8348486100883203,-8.0,0.0,0.0,8.0,-6.0,-6.0,0.0,0.0,0.0,0.0,-6.0,0.0,6.0,0.0,0.0,0.0,0.49294666544463106
Standard Deviations of Difference Standard deviations:
0.0,7.459243216962825,0.3667504192892004,2.09301064052707,4.917295905604486,0.8244664659170269,1.8035877593917427,0.745966692414834,3.7979589711327115,1.7342700951444439,0.5818964102118027,3.347637969000157,3.5024146109044763,5.12665346651717,3.6733742822072752,1.0749543517885698,5.250111444281327,0.31640379061051593,4.0,4.0,0.9825016998302892,0.0,0.0,0.0,0.0,0.0,0.0,0.0,0.0,0.0,0.0,0.0,0.0,0.0,0.0,0.0,0.0,0.0,0.0,0.0,1.4720567342159474

