|Average Differences proportion-accuracies without --n_neurons 10,--num_repeats over 100images|

Column names:
0,1,2,3,4,5,6,7,8,9,10,11,12,13,14,15,16,17,18,19,Average

Difference Averages:
0.0,-3.6666666666666665,-1.6666666666666667,-0.8888888888888888,0.7777777777777778,-1.2222222222222223,4.111111111111111,1.0,3.2222222222222223,-0.1111111111111111,0.6666666666666666,-3.5555555555555554,-1.5555555555555556,-0.6666666666666666,1.4444444444444444,0.0,-0.1111111111111111,-0.3333333333333333,0.3333333333333333,-0.4444444444444444,-0.1333333333333333
Standard Deviations of Difference Averages:
0.0,5.217491947499509,6.298147875897062,6.640690132215082,10.309410779345441,6.96463730853992,8.15058886004147,8.774964387392123,5.58326423395605,3.6801100359287098,7.118052168020874,6.751314458205915,4.833014037984787,4.714045207910317,6.139328792685024,4.760952285695233,6.163412554826073,2.6034165586355513,4.281744192888377,2.0608041101101566,0.49777281743560264

Difference Standard deviations:
0.0,0.2713940652350842,-0.4572075159962838,0.007679543824635932,-0.9954076145674536,2.107595566895397,-2.075766354419819,-0.2898288825935505,-1.127574171102159,0.14193852157441642,-0.2647226012049038,2.096313347556785,1.0328663085257765,0.22004259097269635,-0.2118828695784925,0.504649907815557,0.42436829689074795,1.3867128010150067,0.8602718398572882,0.06518933528586777,0.18483160579932992
Standard Deviations of Difference Standard deviations:
0.0,4.895617945384862,4.263757125645448,3.7327722023482894,6.694860021753261,4.24935968547448,4.910124611683541,5.206246934181932,4.971827919824312,2.8750682227483173,4.897366682363454,4.1447297178010345,5.8552768089050415,5.043549851313655,4.609212298931191,6.062851504886177,5.355918917994138,3.5313652531120785,3.838971619170354,4.345113776708293,0.9992663806950528

