|Average Differences proportion-accuracies with --n_neurons 30,--n_train 200 without --n_neurons 10,--num_repeats|

Column names:
0,1,2,3,4,5,6,7,8,9,10,11,12,13,14,15,16,17,18,19,20,21,22,23,24,25,26,27,28,29,30,31,32,33,34,35,36,37,38,39,Average

Difference Averages:
0.0,-2.0,6.0,-14.0,6.0,-4.0,2.0,2.0,6.0,0.0,-18.0,-4.0,-8.0,-8.0,6.0,2.0,16.0,0.0,0.0,0.0,0.0,0.0,-2.0,-2.0,4.0,0.0,0.0,-4.0,2.0,2.0,0.0,0.0,0.0,0.0,2.0,0.0,-2.0,0.0,0.0,0.0,-0.3
Standard Deviations of Difference Averages:
0.0,0.0,0.0,0.0,0.0,0.0,0.0,0.0,0.0,0.0,0.0,0.0,0.0,0.0,0.0,0.0,0.0,0.0,0.0,0.0,0.0,0.0,0.0,0.0,0.0,0.0,0.0,0.0,0.0,0.0,0.0,0.0,0.0,0.0,0.0,0.0,0.0,0.0,0.0,0.0,0.0

Difference Standard deviations:
0.0,-11.671023521625752,-0.7335008385784008,-0.8223480483265462,-4.966629547095765,6.09975124224178,-3.975418590452115,-1.350889359326482,-9.595917942265423,3.4685401902888877,-2.439088914585774,0.5040161447837903,7.637636803029984,6.455347961901628,-4.61324772583615,-2.0,-7.491933384829668,0.0,0.0,0.0,0.0,0.0,1.1651513899116797,-2.8348486100883203,-8.0,0.0,0.0,8.0,-6.0,-6.0,0.0,0.0,0.0,0.0,-6.0,0.0,6.0,0.0,0.0,0.0,-0.9791100687713163
Standard Deviations of Difference Standard deviations:
0.0,0.0,0.0,0.0,0.0,0.0,0.0,0.0,0.0,0.0,0.0,0.0,0.0,0.0,0.0,0.0,0.0,0.0,0.0,0.0,0.0,0.0,0.0,0.0,0.0,0.0,0.0,0.0,0.0,0.0,0.0,0.0,0.0,0.0,0.0,0.0,0.0,0.0,0.0,0.0,0.0

