|Average Differences proportion-accuracies without --n_neurons 10,--num_repeats over 100images|

Column names:
0,1,2,3,4,5,6,7,8,9,10,11,12,13,14,15,16,17,18,19,Average

Difference Averages:
0.0,-3.2941176470588234,-0.9411764705882353,-0.8235294117647058,0.23529411764705882,-1.0588235294117647,3.411764705882353,0.35294117647058826,3.176470588235294,0.11764705882352941,0.7058823529411765,-3.2941176470588234,-1.6470588235294117,-0.9411764705882353,1.6470588235294117,0.35294117647058826,-0.11764705882352941,-0.23529411764705882,0.35294117647058826,-0.5882352941176471,-0.1294117647058823
Standard Deviations of Difference Averages:
0.0,5.130814702907418,5.703152773430975,6.827585001669133,10.355614628077829,7.132944184105467,7.844509683844541,8.60192301667337,5.741851455017613,3.6603174555538933,7.32252532686844,6.857925478489259,4.957954707224818,4.7088226108681175,6.258558154480182,4.664524141552708,6.3420385750322605,2.6464051480475272,4.405092994552719,2.030903117839067,0.5119337111066959

Difference Standard deviations:
0.0,0.6635983075648619,-0.7135922355853265,-0.2387098908225477,-1.5022256714133808,2.2006715509637207,-2.002678079872079,-0.07158352274611231,-0.9438281532206944,-0.1595062219460061,-0.28029451892283935,1.915586451768181,1.0936231502037632,0.4191716486717773,-0.5772877442595803,-0.21897353730503955,0.44933113788432133,1.1153429657805958,0.9108760657312464,0.42196517853797766,0.12407434405064202
Standard Deviations of Difference Standard deviations:
0.0,4.754794211495977,4.250390368221585,3.6960075207657725,6.544778622579118,4.354687256830926,5.042952021225616,5.276557652168398,5.056224796272467,2.667698032993377,5.0389156588745685,4.19540002496874,6.019513516859649,5.120543876631201,4.48231651789615,5.430935236462127,5.510177387560816,3.4465276997596193,3.94443058323542,4.207065572786123,0.995401700375643

