|Average Differences proportion-accuracies without --n_neurons 10,--num_repeats over 100images|

Column names:
0,1,2,3,4,5,6,7,8,9,10,11,12,13,14,15,16,17,18,19,Average

Difference Averages:
0.0,-2.6666666666666665,-0.9333333333333333,-1.7333333333333334,-0.13333333333333333,-0.26666666666666666,3.066666666666667,1.0666666666666667,4.133333333333334,-0.13333333333333333,0.13333333333333333,-4.0,-1.7333333333333334,-0.6666666666666666,0.6666666666666666,0.8,1.0666666666666667,-0.4,-0.5333333333333333,-0.26666666666666666,-0.12666666666666668
Standard Deviations of Difference Averages:
0.0,4.935134806219133,6.060436361260539,6.727720432822862,10.965805437307779,7.150446761489025,8.160609998986324,8.72900656177755,5.4389541478323045,3.5377331097124265,7.172788083366807,6.96658692139367,4.611097724210822,4.935134806219133,6.007402840570032,4.66476151587624,5.79041353349559,2.7519689920733725,3.896437118987322,1.9136933459209766,0.5297378806751715

Difference Standard deviations:
0.0,0.27313214380182416,-1.0918158237163031,-0.31381191897712196,-1.5054512553562438,1.6701444725135144,-1.989681910337168,-0.03949228021841134,-2.23249219301294,-0.2315319547524517,0.7233212485000777,2.472086723144831,1.2742507365911373,0.08689184311597463,0.45706612993548545,-1.2234559019570217,-0.1622745528169222,1.4209887072441219,1.3296762535991393,-0.10885602931467181,0.04043472189934258
Standard Deviations of Difference Standard deviations:
0.0,4.810503395512907,4.309266333248254,3.926815543268746,6.967287873782147,4.356491497679138,5.138141250929563,5.586204688781827,3.8302040148083516,2.830710807995125,4.263822986177472,3.7618820434668967,5.896928377846104,5.360603977453963,3.692973595248545,4.88772709269182,5.587821120131532,3.533211782433068,3.96541261726265,4.110263398268371,1.0308924842824414

