|Average Differences proportion-accuracies with --n_neurons 40 without --n_neurons 10,--num_repeats|

Column names:
0,1,2,3,4,5,6,7,8,9,10,11,12,13,14,15,16,17,18,19,20,21,22,23,24,25,26,27,28,29,30,31,32,33,34,35,36,37,38,39,Average

Difference Averages:
0.0,-0.6666666666666666,-6.0,0.6666666666666666,-2.0,4.666666666666667,-4.666666666666667,11.333333333333334,4.0,2.6666666666666665,9.333333333333334,-12.666666666666666,-3.3333333333333335,-1.3333333333333333,5.333333333333333,1.3333333333333333,0.6666666666666666,1.3333333333333333,-0.6666666666666666,0.0,-0.5,-2.0,2.0,-7.0,-2.0,-1.0,0.0,1.0,-1.0,1.0,1.0,-1.0,0.0,-1.0,1.0,1.0,0.0,0.0,2.0,1.0,0.2333333333333333
Standard Deviations of Difference Averages:
0.0,2.494438257849294,5.887840577551898,7.363574011458175,1.632993161855452,4.109609335312651,3.7712361663282534,13.199326582148887,8.48528137423857,3.39934634239519,6.182412330330469,10.370899457402697,6.599663291074444,4.988876515698588,10.873004286866728,9.285592184789413,8.379870059984357,4.714045207910317,8.379870059984356,2.8284271247461903,1.0801234497346435,2.0,2.0,5.0,2.0,3.0,2.0,1.0,3.0,1.0,1.0,1.0,0.0,1.0,1.0,1.0,0.0,0.0,0.0,1.0,0.3091206165165235

Difference Standard deviations:
0.0,-1.5705023872143204,-4.256463898136378,-1.6349356825522356,-0.2128495590871875,1.085842163600362,0.5319723308640203,-2.6560852818549257,-0.5981391996973452,-2.096812375492323,-0.5265843410644658,3.9006060467682118,-0.6300613913207863,-2.4851197051797382,-2.0025693104086923,-2.1767824560516975,-3.3168248037190504,0.2273410091469342,1.98171460132903,-1.8776134799066924,1.558374547121135,1.7342700951444439,-6.0,5.898979485566356,0.8989794855663558,2.05067388575496,0.0,-1.0,3.0867204468223326,-1.0,-3.0,1.0,0.0,3.0,-3.0,-3.0,0.0,0.0,-6.0,-3.0,-0.767499029457957
Standard Deviations of Difference Standard deviations:
0.0,1.8068309992451121,3.010102134799071,2.045429353142501,3.690021653247398,1.9190787549989663,5.9105463917413745,5.8881483492073095,1.5961451748304925,0.9647457509653729,4.0840112171479115,4.362978712394566,2.452027396319078,1.7122008266480615,5.397314709663483,2.4644125280347238,5.732024557969779,0.5734163253161171,7.085347890414578,4.726359608062013,3.1869370707273754,1.7342700951444439,6.0,3.8989794855663558,0.8989794855663558,3.2158252756666394,1.1651513899116797,1.0,0.07843094308934706,1.0,3.0,5.0,0.0,3.0,3.0,3.0,0.0,0.0,0.0,3.0,0.4037428714698937

