|Average Differences proportion-accuracies with --n_neurons 20 without --n_neurons 10,--num_repeats|

Column names:
0,1,2,3,4,5,6,7,8,9,10,11,12,13,14,15,16,17,18,19,20,21,22,23,24,25,26,27,28,29,30,31,32,33,34,35,36,37,38,39,Average

Difference Averages:
0.0,-2.2222222222222223,0.0,-2.2222222222222223,-0.6666666666666666,-2.6666666666666665,4.666666666666667,-2.4444444444444446,4.222222222222222,-0.2222222222222222,-1.3333333333333333,-0.6666666666666666,0.0,0.0,-0.4444444444444444,0.4444444444444444,-0.4444444444444444,-0.6666666666666666,0.0,0.2222222222222222,0.1,0.0,0.0,0.0,-0.5,0.0,0.0,0.5,0.0,0.0,0.0,0.0,0.0,0.0,0.0,0.0,0.0,0.0,0.0,0.0,-0.16666666666666666
Standard Deviations of Difference Averages:
0.0,5.533288710217215,5.887840577551898,5.286834334831253,13.59738536958076,6.863753427324667,8.640987597877148,4.597369081239378,4.755763235340599,2.739739556875101,1.3333333333333333,2.8284271247461903,3.265986323710904,4.422166387140534,0.8314794192830981,2.2662308949301266,2.2662308949301266,1.8856180831641267,0.0,1.1331154474650633,0.71336448530109,0.0,0.0,0.0,0.8660254037844386,0.0,0.0,0.8660254037844386,0.0,0.0,0.0,0.0,0.0,0.0,0.0,0.0,0.0,0.0,0.0,0.0,0.28577380332470415

Difference Standard deviations:
0.0,1.3089439476535234,-0.6536260362766666,0.0766303923892294,-2.4814761221487323,0.48528951780008156,-1.855518223839108,0.35445367750939405,-2.795650108026489,0.3322238555394803,2.593078698286312,1.9969445879365877,1.192611204286489,0.09276095667648004,1.3333333333333333,-0.756249830540633,1.3333333333333333,1.5555555555555556,0.0,-0.6666666666666666,-0.6663882525384488,0.0,0.0,0.0,1.5,0.0,0.0,-1.5,0.0,0.0,0.0,0.0,0.0,0.0,0.0,0.0,0.0,0.0,0.0,0.0,0.06962184221747994
Standard Deviations of Difference Standard deviations:
0.0,3.9319426096544987,4.731221363881374,4.606278873075215,8.280732148316128,4.711277982918319,4.651123372837866,5.392176286506866,3.2324093019966713,2.9577427225859716,3.4934744744659256,3.5454488710067174,7.080482615681355,5.962126379109388,2.4944382578492945,6.0477525122595654,5.333333333333333,4.192880503136268,0.0,3.39934634239519,1.9492355284348384,0.0,0.0,0.0,2.598076211353316,0.0,0.0,2.598076211353316,0.0,0.0,0.0,0.0,0.0,0.0,0.0,0.0,0.0,0.0,0.0,0.0,0.5732609265173759

