|Average Differences all-accuracies with --n_neurons 40 without --n_neurons 10,--num_repeats over 100images|

Column names:
0,1,2,3,4,5,6,7,8,9,10,11,12,13,14,15,16,17,18,19,Average

Difference Averages:
0.0,-0.6666666666666666,-3.3333333333333335,0.6666666666666666,0.0,4.666666666666667,-4.0,11.333333333333334,2.6666666666666665,0.6666666666666666,3.3333333333333335,-10.666666666666666,-2.6666666666666665,-1.3333333333333333,5.333333333333333,1.3333333333333333,4.666666666666667,1.3333333333333333,-0.6666666666666666,3.3333333333333335,0.7999999999999999
Standard Deviations of Difference Averages:
0.0,2.494438257849294,2.494438257849294,7.363574011458175,1.632993161855452,4.109609335312651,1.632993161855452,13.199326582148887,8.055363982396381,5.2493385826745405,6.599663291074443,7.363574011458175,6.182412330330469,4.988876515698588,10.873004286866728,9.285592184789413,7.717224601860151,4.714045207910317,8.379870059984356,0.9428090415820634,0.4320493798938573

Difference Standard deviations:
0.0,-1.5705023872143204,-0.6881543500199973,-1.6349356825522356,-0.15488432786517473,1.085842163600362,-5.954921432645089,-2.6560852818549257,-0.8309982043646329,-1.8855905154561114,-1.4636096553607718,6.189364216595791,-1.1561800634296293,-2.4851197051797382,-2.0025693104086923,-2.1767824560516975,-4.676724812086429,0.2273410091469342,1.98171460132903,-6.846812228698565,-1.3349804211257947
Standard Deviations of Difference Standard deviations:
0.0,1.8068309992451121,2.514717294446365,2.045429353142501,1.6985817558956025,1.9190787549989663,6.43874028159194,5.8881483492073095,2.6877181079281427,4.5525281850081685,2.1378842919247156,0.5731863920965419,3.560129125013834,1.7122008266480615,5.397314709663483,2.4644125280347238,0.6225005808655938,0.5734163253161171,7.085347890414578,1.7421650843748098,0.17541188007067154

