|Average Differences proportion-accuracies with --n_train 200 without --n_neurons 10,--num_repeats over 100images|

Column names:
0,1,2,3,4,5,6,7,8,9,10,11,12,13,14,15,16,17,18,19,Average

Difference Averages:
0.0,-3.75,-0.75,-3.25,0.25,1.5,5.75,-0.75,6.0,-0.25,1.25,-7.5,-1.0,-2.5,2.75,1.5,0.75,-0.25,-1.5,-0.25,-0.1
Standard Deviations of Difference Averages:
0.0,4.841229182759271,6.239991987174342,7.870038119348597,12.901065847440668,6.144102863722254,5.238081709939241,4.4651427748729375,5.830951894845301,4.408798022137099,9.430668056930008,7.533259586659682,5.656854249492381,3.840572873934304,6.923691212063114,5.979130371550699,6.398241946034863,3.526683994916471,4.092676385936225,1.8540496217739157,0.6324555320336759

Difference Standard deviations:
0.0,-1.4919470026420267,0.7223530274312846,0.3040881626632195,-0.07266992400435002,2.7361988281892975,-4.11263102890292,0.5002825541265767,-3.8050628738550363,-0.9332142351095536,-1.5610166130216019,3.359003938253113,-0.9023971147535175,3.012545729939177,-0.9348714990297158,-0.871736873438264,-0.8805734781262442,2.006151930777471,1.8927479581030626,0.9424686641805122,-0.004513992460975752
Standard Deviations of Difference Standard deviations:
0.0,4.584257065630336,3.740048568223531,3.329713542680471,7.139557568513138,3.004160875674606,5.547254365890458,6.261194091698462,4.372025014834633,2.7680081676891626,3.9149054368286524,3.8784764634515705,5.56952349075281,4.41561810196618,3.966487076938305,5.40925564022813,4.2629717543347745,4.250644960767553,4.4652589329861865,3.2351595856252913,1.009739040668194

