|Average Differences all-accuracies without --n_neurons 10,--num_repeats over 100images|

Column names:
0,1,2,3,4,5,6,7,8,9,10,11,12,13,14,15,16,17,18,19,Average

Difference Averages:
0.0,-2.6153846153846154,-0.9230769230769231,-1.5384615384615385,-0.15384615384615385,0.46153846153846156,1.0769230769230769,0.46153846153846156,3.5384615384615383,0.9230769230769231,-2.6153846153846154,-2.4615384615384617,-1.0769230769230769,-0.6153846153846154,0.3076923076923077,-0.15384615384615385,2.6153846153846154,0.0,-0.6153846153846154,0.3076923076923077,-0.15384615384615385
Standard Deviations of Difference Averages:
0.0,4.860175076594251,6.638599695505051,7.611887308832604,11.674074852794076,6.663510100833143,3.892034043284159,9.708167731866771,6.084221517933904,4.340534147589503,4.731863538224522,5.719270860135725,4.548229384336763,5.942525512562451,4.69671923768423,3.1827939793195696,5.731672618522202,3.2344301602505596,4.105127404346565,1.8967427701443005,0.42356615070572934

Difference Standard deviations:
0.0,0.0306207326705412,-1.2812510095812473,0.5343392836486447,-1.7790809074849951,0.43496713548945043,-2.253015484591587,-0.6430491484739892,-3.441742658377909,-0.6802792413733739,1.4794226392112733,2.3375191226504395,1.8705438409698196,0.45117544128673354,0.7186319667113205,-2.45089801625393,-0.09878061012499838,0.22185108125446854,1.2925507799355838,-1.0210721172826227,-0.21387735848581893
Standard Deviations of Difference Standard deviations:
0.0,5.149663746779495,4.277408804753138,4.781738415986867,7.419077313142712,6.064108607758369,4.672081886509109,5.624240779434488,4.331861699719539,4.039992741224568,3.437535388693156,2.3332934328113626,7.582277411659153,6.045800072784942,3.5746423605826982,3.9031991282806175,5.381452164217641,4.614343562676256,3.887859281963849,4.644701445390485,0.9813582794622812

