|Average Differences all-accuracies with --time 20 without --n_neurons 10,--num_repeats over 100images|

Column names:
0,1,2,3,4,5,6,7,8,9,10,11,12,13,14,15,16,17,18,19,Average

Difference Averages:
0.0,-2.75,-0.25,-1.75,-2.5,-0.75,1.5,1.25,4.75,-0.75,-0.5,-0.75,0.0,-0.5,-1.5,0.75,2.0,-1.75,0.5,-0.25,-0.16249999999999998
Standard Deviations of Difference Averages:
0.0,4.993746088859544,6.279928343540235,6.437196594791867,12.874393189583733,6.398241946034863,4.092676385936225,11.616260155488943,5.4715171570598224,3.59687364248454,1.3228756555322954,2.817356917396161,3.7416573867739413,5.722761571129799,3.278719262151,2.436698586202241,4.242640687119285,1.8540496217739157,3.122498999199199,2.1065374432940898,0.47942022276912766

Difference Standard deviations:
0.0,1.1399104706530512,1.0428607168704116,0.6191693273852377,1.3447321493069784,2.005274917792481,-1.4451536805353522,-0.44446660092499735,-3.5414309827429946,-0.22088053061312318,0.560729262659992,2.335952276097693,-1.6905886023887766,0.2455101424254138,1.791870492658751,-3.6118805830256657,-0.49815191197810726,2.183457023913669,0.6003950173953236,0.5907578094157382,0.15040333571828618
Standard Deviations of Difference Standard deviations:
0.0,1.943085965713767,3.5346439154661344,5.875801211307901,7.459237637364109,5.298104183336465,4.4059802458110795,5.749664794058032,4.561831483636738,4.658696110203315,2.56548976778686,2.1836884573473943,5.307870720585683,5.60872939896666,2.478961900313198,3.220595774389812,5.04974817815475,4.167696321626519,2.9861344511034225,4.785576753334869,0.8572372129533665

