|Average Differences proportion-accuracies with --n_neurons 20,--n_train 200 without --n_neurons 10,--num_repeats|

Column names:
0,1,2,3,4,5,6,7,8,9,10,11,12,13,14,15,16,17,18,19,20,21,22,23,24,25,26,27,28,29,30,31,32,33,34,35,36,37,38,39,Average

Difference Averages:
0.0,-4.5,1.0,-3.0,-1.5,-1.5,9.0,-3.5,7.0,-1.0,-0.5,-2.5,2.0,-3.0,-0.5,0.0,0.0,-1.5,0.0,-0.5,0.5,0.0,0.0,0.0,-0.5,0.0,0.0,0.5,0.0,0.0,0.0,0.0,0.0,0.0,0.0,0.0,0.0,0.0,0.0,0.0,-0.1
Standard Deviations of Difference Averages:
0.0,5.722761571129799,4.358898943540674,6.708203932499369,17.342145196024624,3.570714214271425,1.0,4.9749371855331,4.123105625617661,3.0,0.8660254037844386,2.598076211353316,3.4641016151377544,3.0,0.8660254037844386,2.449489742783178,1.4142135623730951,2.179449471770337,0.0,0.8660254037844386,0.8660254037844386,0.0,0.0,0.0,0.8660254037844386,0.0,0.0,0.8660254037844386,0.0,0.0,0.0,0.0,0.0,0.0,0.0,0.0,0.0,0.0,0.0,0.0,0.2622022120425379

Difference Standard deviations:
0.0,-0.2511499342454919,2.4857811172203665,2.1149325029037107,1.133771650770869,2.1071023835885816,-3.616479234225627,-0.71500408690369,-5.659086086282211,-0.492337351707524,0.6328649524277781,3.367647662059042,-3.3166247903554,4.449489742783178,1.5,0.0,0.0,2.5,0.0,1.5,-1.5,0.0,0.0,0.0,1.5,0.0,0.0,-1.5,0.0,0.0,0.0,0.0,0.0,0.0,0.0,0.0,0.0,0.0,0.0,0.0,0.15602271320083957
Standard Deviations of Difference Standard deviations:
0.0,0.79885246272773,3.174583877926216,3.484536682671393,9.175998453202258,3.535939263330449,5.736069424579288,6.656417067113593,2.0240498409222822,2.5959788168450464,3.4069303947836835,4.011632617002586,5.744562646538029,3.7685595429642986,2.598076211353316,7.3484692283495345,4.242640687119285,5.361902647381804,0.0,2.598076211353316,2.598076211353316,0.0,0.0,0.0,2.598076211353316,0.0,0.0,2.598076211353316,0.0,0.0,0.0,0.0,0.0,0.0,0.0,0.0,0.0,0.0,0.0,0.0,0.42177400139903826

