|Average Differences proportion-accuracies with --time 40 without --n_neurons 10,--num_repeats over 100images|

Column names:
0,1,2,3,4,5,6,7,8,9,10,11,12,13,14,15,16,17,18,19,Average

Difference Averages:
0.0,-2.0,-2.0,-2.0,16.0,-10.0,6.0,-4.0,-4.0,-2.0,-2.0,2.0,0.0,-2.0,0.0,0.0,0.0,2.0,0.0,2.0,-0.1
Standard Deviations of Difference Averages:
0.0,0.0,0.0,0.0,0.0,0.0,0.0,0.0,0.0,0.0,0.0,0.0,0.0,0.0,0.0,0.0,0.0,0.0,0.0,0.0,0.0

Difference Standard deviations:
0.0,-3.620499351813308,-8.202041028867288,-7.118214205729311,-8.462689805771284,2.4961695471525918,-2.97138871113979,5.266499161421599,0.0,1.1651513899116797,6.0,-3.6184488938660273,0.0,2.0,0.0,0.0,0.0,-2.0,0.0,-6.0,-1.2532730949350568
Standard Deviations of Difference Standard deviations:
0.0,0.0,0.0,0.0,0.0,0.0,0.0,0.0,0.0,0.0,0.0,0.0,0.0,0.0,0.0,0.0,0.0,0.0,0.0,0.0,0.0

