|Average Differences all-accuracies with --n_train 200 without --n_neurons 10,--num_repeats over 100images|

Column names:
0,1,2,3,4,5,6,7,8,9,10,11,12,13,14,15,16,17,18,19,Average

Difference Averages:
0.0,-3.75,-0.5,-4.5,1.5,3.25,2.25,-1.75,6.5,-1.0,-0.75,-4.75,-1.5,-2.75,2.75,2.75,1.75,0.0,-1.25,0.25,-0.07500000000000004
Standard Deviations of Difference Averages:
0.0,4.736823830374104,6.5383484153110105,7.729812416870153,12.99038105676658,5.9107952087684446,6.359048670988452,4.630064794363034,5.454356057317857,6.782329983125268,8.0583807306431,7.206767652699787,5.979130371550699,4.683748498798798,6.923691212063114,5.739120141624499,6.6661458129866915,3.605551275463989,4.115519408288582,1.8540496217739157,0.6923691212063114

Difference Standard deviations:
0.0,-1.8131454210270792,0.06453052940372483,1.1505794397578921,-0.5923326714998505,0.7992905219370381,-5.531491165470517,0.7642832085729179,-4.899233120703872,0.5070591056061118,-1.590234997727784,2.5807580937745023,0.673691308405485,3.524416014451191,-0.9348714990297158,-3.517380797177224,-1.4077629825136893,1.2561519307774713,1.1427479581030626,-0.4083123951776999,-0.4115628469769019
Standard Deviations of Difference Standard deviations:
0.0,4.974343348305045,3.588851454999423,5.318787633382685,7.065861325958599,4.396833501276992,4.829977835803174,5.757898750640988,3.8745987982937775,3.4495103594943526,3.6077213403254564,2.625974583789362,7.423819114873746,5.170570785792594,3.966487076938305,3.185593207787315,4.7677746640961125,5.00147083153194,4.2089380223243404,3.577748267430375,1.1173743896678467

