|Average Differences all-accuracies with --n_neurons 40,--n_train 200 without --n_neurons 10,--num_repeats|

Column names:
0,1,2,3,4,5,6,7,8,9,10,11,12,13,14,15,16,17,18,19,20,21,22,23,24,25,26,27,28,29,30,31,32,33,34,35,36,37,38,39,Average

Difference Averages:
0.0,-4.0,-4.0,10.0,-2.0,10.0,-6.0,2.0,-2.0,8.0,-4.0,-20.0,6.0,4.0,12.0,-8.0,8.0,8.0,-12.0,2.0,-2.0,0.0,0.0,-12.0,0.0,-6.0,-2.0,0.0,2.0,2.0,0.0,0.0,0.0,-2.0,2.0,2.0,0.0,0.0,2.0,2.0,-0.1
Standard Deviations of Difference Averages:
0.0,0.0,0.0,0.0,0.0,0.0,0.0,0.0,0.0,0.0,0.0,0.0,0.0,0.0,0.0,0.0,0.0,0.0,0.0,0.0,0.0,0.0,0.0,0.0,0.0,0.0,0.0,0.0,0.0,0.0,0.0,0.0,0.0,0.0,0.0,0.0,0.0,0.0,0.0,0.0,0.0

Difference Standard deviations:
0.0,-0.6101593901330418,-1.193751525134303,-3.4030951872068798,-0.5644042258373041,3.7828303285349882,-9.991997597918086,-5.752886377761232,-4.61324772583615,0.6173885207480811,-1.620499351813308,6.966629547095765,-5.822540380680596,-0.6491106406735181,-6.379500648186692,-2.9666295470957653,-3.8069992509704527,-0.5835921350012612,12.0,-6.0,6.0,3.416407864998739,0.0,9.797958971132712,0.0,8.124515496597098,2.0,0.0,3.0082895037329855,-2.0,0.0,-4.0,0.0,6.0,-6.0,-6.0,0.0,0.0,-6.0,-6.0,-0.5561098437852056
Standard Deviations of Difference Standard deviations:
0.0,0.0,0.0,0.0,0.0,0.0,0.0,0.0,0.0,0.0,0.0,0.0,0.0,0.0,0.0,0.0,0.0,0.0,0.0,0.0,0.0,0.0,0.0,0.0,0.0,0.0,0.0,0.0,0.0,0.0,0.0,0.0,0.0,0.0,0.0,0.0,0.0,0.0,0.0,0.0,0.0

