|Average Differences proportion-accuracies without --n_neurons 10,--num_repeats over 100images|

Column names:
0,1,2,3,4,5,6,7,8,9,10,11,12,13,14,15,16,17,18,19,Average

Difference Averages:
0.0,-2.6153846153846154,-0.9230769230769231,-1.2307692307692308,-0.46153846153846156,-1.2307692307692308,2.769230769230769,0.9230769230769231,3.5384615384615383,0.15384615384615385,-1.6923076923076923,-2.6153846153846154,-0.9230769230769231,-0.46153846153846156,0.3076923076923077,-0.46153846153846156,1.8461538461538463,-0.15384615384615385,-0.6153846153846154,-0.46153846153846156,-0.2153846153846154
Standard Deviations of Difference Averages:
0.0,4.9230769230769225,6.498065255982423,6.996195077478199,11.506622739270863,6.818006094203181,8.284868934053083,9.368207598546665,4.651143525486454,2.8781979898261087,5.369208728189276,5.838051064926238,4.410852672871216,5.212638260337667,4.69671923768423,3.0537589601968014,5.62748958712981,2.8781979898261087,4.105127404346565,1.598816130063579,0.4221668533542229

Difference Standard deviations:
0.0,0.21129042534021636,-1.4911943738059643,-0.22350748537547446,-1.4027424961149533,1.6518128897938025,-1.7795784451764693,-1.1198797477685583,-2.898709557652512,0.2686096417729573,1.8495054040488823,2.16799047185904,1.283452899949202,0.062092930737463664,0.7186319667113205,-1.257274852995768,-0.4673242597852193,1.1293863867262155,1.2925507799355838,0.1256660555155017,0.006038931685763398
Standard Deviations of Difference Standard deviations:
0.0,4.812741862165997,4.458959671116598,4.1269033867910805,7.405547359744394,4.626423445828297,4.743504085290198,5.191556352019877,3.4993304297005228,2.7139909762090193,3.3778910941313662,3.4887653484069703,6.326768458421889,5.4109020858163,3.5746423605826982,5.180527915103842,5.900811450098322,3.557870946257958,3.887859281963849,4.129168417947476,1.0519347447667016

