|Average Differences all-accuracies with --n_neurons 20,--n_train 200 without --n_neurons 10,--num_repeats|

Column names:
0,1,2,3,4,5,6,7,8,9,10,11,12,13,14,15,16,17,18,19,20,21,22,23,24,25,26,27,28,29,30,31,32,33,34,35,36,37,38,39,Average

Difference Averages:
0.0,-4.0,-0.5,-4.0,-0.5,0.0,2.5,-4.5,7.5,-2.0,-0.5,1.0,1.5,-3.0,-0.5,2.5,0.0,-1.5,0.0,-0.5,0.5,0.0,0.0,0.0,-0.5,0.0,0.0,0.5,0.0,0.0,0.0,0.0,0.0,0.0,0.0,0.0,0.0,0.0,0.0,0.0,-0.15
Standard Deviations of Difference Averages:
0.0,5.656854249492381,6.383572667401852,5.477225575051661,17.741194999210173,5.0990195135927845,3.278719262151,4.330127018922194,4.9749371855331,2.8284271247461903,0.8660254037844386,2.23606797749979,3.840572873934304,3.0,0.8660254037844386,2.179449471770337,1.4142135623730951,2.179449471770337,0.0,0.8660254037844386,0.8660254037844386,0.0,0.0,0.0,0.8660254037844386,0.0,0.0,0.8660254037844386,0.0,0.0,0.0,0.0,0.0,0.0,0.0,0.0,0.0,0.0,0.0,0.0,0.19685019685029528

Difference Standard deviations:
0.0,-0.22427399837370965,1.5411813382834092,2.2554853841874336,0.5759100429238035,0.4155988941769415,-2.3903073610707044,0.36713504757222193,-6.429550034026952,0.9122748717589828,0.6328649524277781,0.3979704096835617,-1.8166247903553998,4.449489742783178,1.5,-5.2912878474779195,0.0,2.5,0.0,1.5,-1.5,0.0,0.0,0.0,1.5,0.0,0.0,-1.5,0.0,0.0,0.0,0.0,0.0,0.0,0.0,0.0,0.0,0.0,0.0,0.0,-0.015103333687684392
Standard Deviations of Difference Standard deviations:
0.0,0.7872848227312222,3.537510305914553,7.034169183002691,9.639327314197576,5.187814554924584,3.499908117899332,6.10028707629639,2.8662621292760417,3.3533706258691356,3.4069303947836835,0.9720588036197283,7.049813782722647,3.7685595429642986,2.598076211353316,3.316967427505504,4.242640687119285,5.361902647381804,0.0,2.598076211353316,2.598076211353316,0.0,0.0,0.0,2.598076211353316,0.0,0.0,2.598076211353316,0.0,0.0,0.0,0.0,0.0,0.0,0.0,0.0,0.0,0.0,0.0,0.0,0.2351190808523066

