|Average Differences all-accuracies with --n_neurons 40,--n_train 200 without --n_neurons 10,--num_repeats|

Column names:
0,1,2,3,4,5,6,7,8,9,10,11,12,13,14,15,16,17,18,19,20,21,22,23,24,25,26,27,28,29,30,31,32,33,34,35,36,37,38,39,Average

Difference Averages:
0.0,-1.0,-2.0,1.0,0.0,5.0,-4.0,2.0,6.0,3.0,4.0,-15.0,-1.0,2.0,13.0,3.0,1.0,3.0,-5.0,3.0,-4.0,-2.0,2.0,-7.0,0.0,-1.0,-4.0,1.0,-1.0,1.0,1.0,-1.0,0.0,-1.0,1.0,1.0,0.0,1.0,2.0,1.0,0.2
Standard Deviations of Difference Averages:
0.0,3.0,2.0,9.0,2.0,5.0,2.0,0.0,8.0,5.0,8.0,5.0,7.0,2.0,1.0,11.0,7.0,5.0,7.0,1.0,2.0,2.0,2.0,5.0,0.0,5.0,2.0,1.0,3.0,1.0,1.0,1.0,0.0,1.0,1.0,1.0,0.0,1.0,0.0,1.0,0.30000000000000004

Difference Standard deviations:
0.0,-2.3557535808214807,0.7097481003509234,-1.085653104539153,-1.282202112918652,1.8914151642674941,-10.49840101691103,-0.08316725411641812,-1.9398734436288745,1.3086942603740406,-2.810249675906654,6.284046324893686,-1.5041447518664928,-2.709720127471263,-5.804585516958842,-0.9043717987972162,-4.518334818350723,0.02460772310988535,4.5709918324122505,-5.6332495807108,7.58257569495584,2.5582691253364525,-6.0,5.898979485566356,0.0,3.1632782627321934,5.58257569495584,-1.0,3.0867204468223326,-1.0,-3.0,1.0,0.0,3.0,-3.0,-3.0,0.0,-3.0,-6.0,-3.0,-0.5866951166805077
Standard Deviations of Difference Standard deviations:
0.0,1.745594190688439,1.9034996254852263,2.3174420826677267,0.717797887081348,1.8914151642674941,0.506403418992944,5.669719123644814,2.6733742822072752,0.6913057396259594,1.189750324093346,0.6825832222020791,4.318395628814104,2.0606094867977447,0.5749151312278498,2.062257748298549,0.7113355673802699,0.6081998581111465,7.4290081675877495,0.3667504192892004,1.5825756949558398,0.8581387396622864,6.0,3.8989794855663558,0.0,4.961237233864905,3.58257569495584,1.0,0.07843094308934706,1.0,3.0,5.0,0.0,3.0,3.0,3.0,0.0,3.0,0.0,3.0,0.030585272895302107

