|Average Differences all-accuracies without --n_neurons 10,--num_repeats over 100images|

Column names:
0,1,2,3,4,5,6,7,8,9,10,11,12,13,14,15,16,17,18,19,Average

Difference Averages:
0.0,-3.3333333333333335,-1.3333333333333333,-1.6666666666666667,1.1111111111111112,0.4444444444444444,2.5555555555555554,0.6666666666666666,3.5555555555555554,0.1111111111111111,-0.2222222222222222,-2.5555555555555554,-1.7777777777777777,-0.7777777777777778,1.4444444444444444,0.3333333333333333,0.1111111111111111,-0.2222222222222222,0.3333333333333333,0.1111111111111111,-0.05555555555555555
Standard Deviations of Difference Averages:
0.0,4.8074017006186525,6.992058987801011,7.125852775477317,10.375660026603336,6.685159536218367,5.198527806795371,9.285592184789413,6.166416411338492,5.636083045765511,6.2499382713001035,5.7273439861599424,4.516089207311461,5.297332196026763,6.139328792685024,4.772607021092118,6.715561438338478,2.897423291201177,4.068851871911234,2.2580446036557307,0.5377134947805716

Difference Standard deviations:
0.0,0.41962237308922684,-0.613677255131952,0.7818177326178894,-1.040710254187351,0.9907878754559639,-3.166706351231305,-0.16266335624573725,-2.218576893977714,0.1358048754788569,-0.654021260966886,2.224011639369115,1.5646773179353408,0.650096040178497,-0.2118828695784925,-0.40220284758565455,0.6115014252697663,0.7312706359520785,0.5381630081276931,-0.7630104561794444,-0.029284931080505474
Standard Deviations of Difference Standard deviations:
0.0,5.652968627625219,4.043668779777358,4.362481200112953,6.675434991318891,5.5389509270669635,5.212754221408783,5.466016088828896,4.886830071821454,3.8153728912248384,4.971572928556868,3.853807885382169,6.8342355871881475,5.628807202180222,4.609212298931191,5.763976369862509,5.289066407731948,4.3827574930615185,3.619478291819483,4.723391082439956,0.9929098119066573

