|Average Differences proportion-accuracies with --n_neurons 20,--n_train 200 without --n_neurons 10,--num_repeats|

Column names:
0,1,2,3,4,5,6,7,8,9,10,11,12,13,14,15,16,17,18,19,20,21,22,23,24,25,26,27,28,29,30,31,32,33,34,35,36,37,38,39,Average

Difference Averages:
0.0,-5.6,-2.0,-2.8,0.8,-2.0,10.4,-0.4,6.4,-1.6,-0.4,-3.6,1.6,-1.6,-0.8,-1.2,0.0,-1.6,0.0,0.0,0.4,0.0,0.0,0.0,-0.4,-0.4,0.0,0.4,0.0,0.0,0.0,0.0,0.0,0.0,0.0,0.0,0.0,0.0,0.0,0.0,-0.11000000000000001
Standard Deviations of Difference Averages:
0.0,5.571355310873648,7.155417527999327,6.013318551349163,16.17899873292535,3.3466401061363023,2.939387691339814,7.631513611335566,3.8781438859330635,2.9393876913398134,0.8000000000000002,3.2,3.2,3.8781438859330635,0.9797958971132713,3.249615361854384,1.2649110640673518,1.9595917942265424,0.0,1.2649110640673518,0.8000000000000002,0.0,0.0,0.0,0.8,0.8,0.0,0.8000000000000002,0.0,0.0,0.0,0.0,0.0,0.0,0.0,0.0,0.0,0.0,0.0,0.0,0.2353720459187964

Difference Standard deviations:
0.0,-1.480135558270621,2.7688914371797813,2.53120598888832,2.4311171909793567,1.7907426744176458,-3.556836791726782,-1.372003269522952,-5.3775201640431805,0.6594299509183006,0.5062919619422225,3.727852244839845,-2.6532998322843198,2.9265615162442065,2.4,2.5612496949731396,0.0,3.2,0.0,0.0,-1.2,0.0,0.0,0.0,1.2,1.2,0.0,-1.2,0.0,0.0,0.0,0.0,0.0,0.0,0.0,0.0,0.0,0.0,0.0,0.0,0.2765886761133741
Standard Deviations of Difference Standard deviations:
0.0,2.559717730923992,2.8953397126177323,3.2259465548643487,8.607646594356183,3.2253103790978597,5.131882972035079,6.0969584417919735,1.8959271296901883,3.2707119242755756,3.0577479718908407,3.6597194385450345,5.3065996645686395,4.543002790649636,2.939387691339814,8.333066662399863,3.794733192202055,4.995998398718719,0.0,3.794733192202055,2.4000000000000004,0.0,0.0,0.0,2.4,2.4,0.0,2.4000000000000004,0.0,0.0,0.0,0.0,0.0,0.0,0.0,0.0,0.0,0.0,0.0,0.0,0.44772676071129736

