|Average Differences all-accuracies with --time 40 without --n_neurons 10,--num_repeats over 100images|

Column names:
0,1,2,3,4,5,6,7,8,9,10,11,12,13,14,15,16,17,18,19,Average

Difference Averages:
0.0,-6.0,-8.0,1.0,13.0,-3.0,3.0,5.0,0.0,-3.0,-1.0,-3.0,-1.0,1.0,-1.0,-2.0,0.0,1.0,0.0,2.0,-0.1
Standard Deviations of Difference Averages:
0.0,4.0,6.0,5.0,3.0,5.0,1.0,9.0,6.0,1.0,1.0,3.0,1.0,3.0,1.0,0.0,0.0,3.0,0.0,0.0,0.0

Difference Standard deviations:
0.0,-5.008288703092223,-2.1503541559249237,-0.6884133110711339,-0.4210952269789878,0.8247651434988157,0.605165266300137,0.09210190814448893,-3.3168457901002837,3.2158252756666394,3.0,2.911270190340298,3.0,-0.5825756949558398,3.0,4.0,0.0,-1.0,0.0,-6.0,0.07407774509134936
Standard Deviations of Difference Standard deviations:
0.0,1.387789351278915,6.051686872942365,1.9731083866268122,8.041594578792296,3.4974621079236243,2.4031242374328485,5.17439725327711,3.9496533713213156,2.05067388575496,3.0,2.911270190340298,3.0,2.58257569495584,3.0,2.0,0.0,7.0,0.0,0.0,0.20435575625067265

