|Average Differences proportion-accuracies with --n_neurons 30,--n_train 200 without --n_neurons 10,--num_repeats|

Column names:
0,1,2,3,4,5,6,7,8,9,10,11,12,13,14,15,16,17,18,19,20,21,22,23,24,25,26,27,28,29,30,31,32,33,34,35,36,37,38,39,Average

Difference Averages:
0.0,-5.0,2.0,-8.0,7.0,4.0,7.0,2.0,3.0,-4.0,-6.0,-5.0,-7.0,-6.0,-1.0,3.0,8.0,-1.0,-1.0,-1.0,1.0,0.0,-2.0,-3.0,1.0,2.0,2.0,-2.0,1.0,2.0,0.0,0.0,0.0,0.0,2.0,0.0,-1.0,0.0,0.0,0.0,-0.15
Standard Deviations of Difference Averages:
0.0,3.0,4.0,6.0,1.0,8.0,5.0,0.0,3.0,4.0,12.0,1.0,1.0,2.0,7.0,1.0,8.0,1.0,1.0,1.0,1.0,0.0,0.0,1.0,3.0,2.0,2.0,2.0,1.0,0.0,0.0,0.0,0.0,0.0,0.0,0.0,1.0,0.0,0.0,0.0,0.15

Difference Standard deviations:
0.0,-3.1097345612556424,1.1373943325772924,-1.9278592506153904,-2.238948658928357,4.839175381312533,-7.18661928071449,3.514305644430105,-2.2660571619318315,-0.08627844733256484,-4.8164202198600385,0.10384466632721612,4.818818401514992,5.860923561661614,-0.9349004791600208,-2.58257569495584,-3.745966692414834,3.0,3.0,1.0,-1.0,0.0,1.1651513899116797,2.58257569495584,-3.0,-1.5825756949558398,-4.0,4.0,-3.0,-6.0,0.0,0.0,0.0,0.0,-6.0,0.0,3.0,0.0,0.0,0.0,-0.3863936767358395
Standard Deviations of Difference Standard deviations:
0.0,8.56128896037011,1.8708951711556931,1.1055112022888443,2.7276808881674084,1.2605758609292472,3.211200690262375,4.865195003756587,7.329860780333592,3.5548186376214526,2.3773313052742644,0.4001714784565742,2.818818401514992,0.5944244002400145,3.678347246676129,0.5825756949558398,3.745966692414834,3.0,3.0,1.0,1.0,0.0,0.0,5.41742430504416,5.0,1.5825756949558398,4.0,4.0,3.0,0.0,0.0,0.0,0.0,0.0,0.0,0.0,3.0,0.0,0.0,0.0,0.5927163920354768

