|Average Differences all-accuracies with --n_train 200 without --n_neurons 10,--num_repeats over 100images|

Column names:
0,1,2,3,4,5,6,7,8,9,10,11,12,13,14,15,16,17,18,19,Average

Difference Averages:
0.0,-4.545454545454546,-0.7272727272727273,-2.909090909090909,2.1818181818181817,1.4545454545454546,3.272727272727273,-1.2727272727272727,4.7272727272727275,-0.18181818181818182,0.5454545454545454,-3.272727272727273,-1.4545454545454546,-2.3636363636363638,3.4545454545454546,1.0909090909090908,-0.7272727272727273,0.0,0.18181818181818182,-0.18181818181818182,-0.0363636363636364
Standard Deviations of Difference Averages:
0.0,4.438747496630437,7.398905436136656,7.549287088009707,11.424202234476368,6.213820905685477,5.863460180580764,6.6754762729766615,5.9251529952001185,6.68537320394554,7.773657573247982,7.046480863664036,5.39972451087909,4.497933409764721,6.61078507734467,5.86909541511599,7.4965556829412,3.1908961408698624,4.468438446343457,2.16661368869327,0.6153679273007435

Difference Standard deviations:
0.0,-0.7161791637261206,0.4345062002723937,1.1586504408393161,0.10617032915406907,1.2561668773742547,-4.488745113152314,-0.10637877965054572,-3.1926450306268563,0.8964210445963946,-2.957545951258042,1.8366338272743967,0.4020364891386137,3.154614358623093,-1.6498959630620795,-0.13725072565892127,0.09020372278915029,1.245019568711642,0.4439794551941716,-0.041840971505082016,-0.1133039692336233
Standard Deviations of Difference Standard deviations:
0.0,6.134686073175834,3.4963870746063193,4.933084143876167,6.4860303209742005,4.360834668578997,4.994272058784376,5.303607384887541,5.393418463466311,3.2534689013399563,4.581739598259399,4.6161713134357605,6.89373380206913,4.901736630837319,5.031022336944418,6.697237352614704,5.010828587840957,4.643974895398691,3.86871231912956,4.156503932863472,1.083289398394767

