|Average Differences all-accuracies with --time 20 without --n_neurons 10,--num_repeats over 100images|

Column names:
0,1,2,3,4,5,6,7,8,9,10,11,12,13,14,15,16,17,18,19,Average

Difference Averages:
0.0,-3.1666666666666665,0.0,-1.6666666666666667,-0.6666666666666666,-0.5,3.3333333333333335,0.16666666666666666,4.166666666666667,-1.0,2.1666666666666665,-1.1666666666666667,-1.5,-1.1666666666666667,1.0,1.3333333333333333,-1.3333333333333333,-1.3333333333333333,1.5,-0.5,-0.01666666666666668
Standard Deviations of Difference Averages:
0.0,4.651761912317621,6.110100926607787,6.368324391514267,11.025223605694151,6.788470618138767,5.734883511361751,10.114620880465838,6.080478782318233,5.744562646538029,4.861984048604941,4.2784992176644785,4.330127018922194,4.86198404860494,6.557438524302,5.055250296034367,6.128258770283412,1.8856180831641267,3.278719262151,2.4664414311581235,0.6229410530343585

Difference Standard deviations:
0.0,1.8892079175403829,0.8376354625105779,1.2284320680391227,0.6277187553812613,2.5745421086340965,-3.1228986246352477,0.579855087955936,-1.3547231861007,0.35454787417889166,-2.20992024215588,1.8757948951907755,-0.8064655857401443,0.9138067096500332,-0.40176193986583525,-0.8560851424538346,0.6921631908879929,1.8122052985115562,-0.1927554878084603,0.8554843157308336,0.2648391737725679
Standard Deviations of Difference Standard deviations:
0.0,3.9841304201415824,3.2521757613843465,5.0553822308800305,6.202735728350489,4.649743078293368,5.56479950006091,5.460925934221107,5.103188714021285,3.9679602304922574,4.7178022830483455,4.284019971350678,5.262838321188318,5.261476625140196,4.539623218861017,6.240579305972893,5.274904789975208,3.8690020616905847,2.8369365721362225,4.64833938051077,0.9031061224134399

