|Average Differences proportion-accuracies with --n_train 100 without --n_neurons 10,--num_repeats|

Column names:
0,1,2,3,4,5,6,7,8,9,10,11,12,13,14,15,16,17,18,19,Average

Difference Averages:
0.0,-1.4285714285714286,-1.1428571428571428,0.0,-0.5714285714285714,-2.2857142857142856,0.0,3.142857142857143,2.0,0.0,-1.1428571428571428,0.0,-2.5714285714285716,1.4285714285714286,-1.7142857142857142,0.0,1.4285714285714286,-0.5714285714285714,0.5714285714285714,-0.2857142857142857,-0.1571428571428571
Standard Deviations of Difference Averages:
0.0,4.746642207381757,5.841442371503106,4.535573676110727,8.191583535332258,7.666518779999279,9.680613912055666,11.506874608915581,4.0,2.138089935299395,2.356060357495806,3.0237157840738176,2.770102775666474,5.205962045225314,3.4522988495984492,2.138089935299395,4.981598792617913,1.3997084244475302,3.331972511340171,1.979486637221574,0.37742413753208304

Difference Standard deviations:
0.0,2.290365454023368,-3.1651516535992608,-1.0199834408517978,-3.1429156340441224,0.451796637455477,0.43654565373797843,-0.656377805184112,-0.43526855776483003,0.5703906513699505,3.33399309023914,1.4584670487353655,3.7618482809850278,-3.2567125989676846,2.0478519916100013,-1.6254205059784597,0.6586385046794457,0.7522307374917234,0.6861657341660842,-1.3103699647377394,0.09180468116827778
Standard Deviations of Difference Standard deviations:
0.0,4.235600721142595,3.9681269315366863,4.408710774252986,6.38265865631584,5.25089158089789,3.2198007855308446,4.6209173720074315,1.8802052375615659,2.6848378030910305,2.9431778803082462,3.3477233016720183,5.240370370486277,4.281625513874321,2.549300499816062,4.177269961836072,6.698910712391879,2.294089713425419,3.1830807447375613,4.6404463862116225,1.0521998089625606

