|Average Differences proportion-accuracies without --n_neurons 10,--num_repeats over 50images|

Column names:
0,1,2,3,4,5,6,7,8,9,Average

Difference Averages:
0.0,-3.6666666666666665,-1.6666666666666667,-0.8888888888888888,0.7777777777777778,-1.2222222222222223,4.111111111111111,1.0,3.2222222222222223,-0.1111111111111111,0.15555555555555556
Standard Deviations of Difference Averages:
0.0,5.217491947499509,6.298147875897062,6.640690132215082,10.309410779345441,6.96463730853992,8.15058886004147,8.774964387392123,5.58326423395605,3.6801100359287098,0.8782699042386447

Difference Standard deviations:
0.0,0.2713940652350842,-0.4572075159962838,0.007679543824635932,-0.9954076145674536,2.107595566895397,-2.075766354419819,-0.2898288825935505,-1.127574171102159,0.14193852157441642,-0.24171768411497327
Standard Deviations of Difference Standard deviations:
0.0,4.895617945384862,4.263757125645448,3.7327722023482894,6.694860021753261,4.24935968547448,4.910124611683541,5.206246934181932,4.971827919824312,2.8750682227483173,1.3198352692452897

