|Average Differences proportion-accuracies with --time 10 without --n_neurons 10,--num_repeats over 100images|

Column names:
0,1,2,3,4,5,6,7,8,9,10,11,12,13,14,15,16,17,18,19,Average

Difference Averages:
0.0,0.0,-6.666666666666667,-0.6666666666666666,-1.3333333333333333,1.3333333333333333,-2.6666666666666665,3.3333333333333335,1.3333333333333333,3.3333333333333335,-5.333333333333333,-6.666666666666667,-2.0,0.6666666666666666,5.333333333333333,-1.3333333333333333,3.3333333333333335,2.6666666666666665,-4.0,0.0,-0.4666666666666666
Standard Deviations of Difference Averages:
0.0,4.320493798938574,8.993825042154695,9.977753031397176,5.734883511361751,6.182412330330469,4.109609335312651,1.8856180831641267,3.39934634239519,2.494438257849294,9.843215373488935,9.977753031397176,5.887840577551898,6.182412330330469,5.734883511361751,4.714045207910317,8.993825042154695,3.7712361663282534,5.656854249492381,1.632993161855452,0.18856180831641264

Difference Standard deviations:
0.0,-0.6597968802165752,-3.933959382777944,-1.8587775316199693,-3.1876471646410347,1.8954272126500034,-2.7911776890769873,-3.6339115694068087,-4.0,-0.5655370665409306,1.660135762038691,1.845795532562675,5.2061496312886755,-1.119638022894523,-1.664249458007614,-3.655543182365255,-0.8952283033213236,-0.19453071166708705,4.0,-0.39791717504476765,-0.6975202999520387
Standard Deviations of Difference Standard deviations:
0.0,8.970433151031244,2.380622558614253,1.1131117779679545,5.449864906944294,4.4101311651920145,4.608233726846306,1.8008475967512025,4.076814593732578,2.8919115853136512,3.8463009746556365,1.538506128582012,6.762035823479645,6.385715674486026,5.467202341378112,1.7041031849910904,6.530053943162089,0.2751079707376846,5.656854249492381,4.420596119965497,0.5376693389805355

