|Average Differences all-accuracies with --n_neurons 30 without --n_neurons 10,--num_repeats over 100images|

Column names:
0,1,2,3,4,5,6,7,8,9,10,11,12,13,14,15,16,17,18,19,Average

Difference Averages:
0.0,-6.666666666666667,-1.3333333333333333,-5.333333333333333,3.3333333333333335,5.333333333333333,6.666666666666667,1.3333333333333333,4.666666666666667,0.0,-4.666666666666667,-4.0,-6.0,-2.0,-0.6666666666666666,1.3333333333333333,4.666666666666667,-1.3333333333333333,-1.3333333333333333,-2.0,-0.4000000000000001
Standard Deviations of Difference Averages:
0.0,1.8856180831641267,8.055363982396383,8.993825042154695,5.2493385826745405,4.988876515698588,6.79869268479038,3.7712361663282534,0.9428090415820634,9.93310961716756,9.977753031397176,2.8284271247461903,3.265986323710904,8.16496580927726,5.734883511361751,2.494438257849294,8.379870059984356,2.494438257849294,1.8856180831641267,1.632993161855452,0.21602468994692864

Difference Standard deviations:
0.0,-2.083493987449701,-1.1946726892812822,1.3014072908295784,0.13002164875216415,1.6235630435552248,-5.608645193848685,1.2061028204643296,-3.1986393140884744,-2.1037876448150126,-3.636045511294082,3.404660032930059,5.288786720421918,3.938936466473114,0.2878999600861197,-2.724480297881555,0.26095176010830556,0.27828287002944013,2.6666666666666665,3.3333333333333335,0.15854239874957296
Standard Deviations of Difference Standard deviations:
0.0,8.131375040354037,3.7911041703612307,0.976988800709402,4.022959439988558,3.855070727217841,4.24461069223869,4.213580414785055,4.523559099123696,4.004272837201326,2.5601507107855372,1.0403587453930327,5.967708745323809,6.416838090450061,3.465637142940339,0.5162720144444493,5.559094576605646,4.914761714620928,3.7712361663282534,3.39934634239519,1.631831491454822

