|Average Differences all-accuracies with --n_neurons 30,--n_train 200 without --n_neurons 10,--num_repeats|

Column names:
0,1,2,3,4,5,6,7,8,9,10,11,12,13,14,15,16,17,18,19,20,21,22,23,24,25,26,27,28,29,30,31,32,33,34,35,36,37,38,39,Average

Difference Averages:
0.0,-6.0,1.0,-11.0,7.0,8.0,8.0,0.0,5.0,-3.0,-6.0,-6.0,-8.0,-7.0,-1.0,3.0,6.0,0.0,0.0,-1.0,1.0,0.0,-2.0,-3.0,1.0,2.0,2.0,-2.0,1.0,2.0,0.0,0.0,0.0,0.0,2.0,0.0,-1.0,0.0,0.0,0.0,-0.2
Standard Deviations of Difference Averages:
0.0,2.0,9.0,5.0,1.0,4.0,8.0,4.0,1.0,11.0,12.0,0.0,2.0,5.0,7.0,1.0,10.0,2.0,0.0,1.0,1.0,0.0,0.0,1.0,3.0,2.0,2.0,2.0,1.0,0.0,0.0,0.0,0.0,0.0,0.0,0.0,1.0,0.0,0.0,0.0,0.05

Difference Standard deviations:
0.0,-4.448280106539417,-3.5339886593028424,1.1770000951958544,-2.238948658928357,0.4745491351267752,-6.846948922829631,2.4060299932636457,-4.7979589711327115,-1.105007581467559,-4.8164202198600385,3.2430452308371986,7.832159566199232,7.908404699709671,-0.9349004791600208,-2.58257569495584,-1.1127171117040344,0.0,0.0,1.0,-1.0,0.0,1.1651513899116797,2.58257569495584,-3.0,-1.5825756949558398,-4.0,4.0,-3.0,-6.0,0.0,0.0,0.0,0.0,-6.0,0.0,3.0,0.0,0.0,0.0,-0.5552851573909099
Standard Deviations of Difference Standard deviations:
0.0,9.077568501709074,2.267489497881243,1.1770000951958544,2.7276808881674084,4.281548386097228,4.735492742827949,4.723548899685893,4.7979589711327115,4.5889668322293975,2.3773313052742644,1.2430452308371986,5.832159566199232,3.807056928199751,3.678347246676129,0.5825756949558398,6.379216273125634,6.0,0.0,1.0,1.0,0.0,0.0,5.41742430504416,5.0,1.5825756949558398,4.0,4.0,3.0,0.0,0.0,0.0,0.0,0.0,0.0,0.0,3.0,0.0,0.0,0.0,0.8610650798842265

