|Average Differences proportion-accuracies with --n_neurons 40 without --n_neurons 10,--num_repeats over 100images|

Column names:
0,1,2,3,4,5,6,7,8,9,10,11,12,13,14,15,16,17,18,19,Average

Difference Averages:
0.0,-1.5,-4.5,2.5,-1.0,2.5,-3.0,6.0,2.0,3.5,6.5,-9.5,-1.0,-1.5,6.5,1.0,-1.5,1.5,1.0,-1.0,0.425
Standard Deviations of Difference Averages:
0.0,2.598076211353316,5.722761571129799,7.123903424387503,2.23606797749979,5.172040216394301,4.358898943540674,14.696938456699069,8.12403840463596,3.278719262151,7.262919523166975,10.523782589924593,7.0,4.330127018922194,9.630680142129112,8.06225774829855,8.170067319184096,4.092676385936225,7.810249675906654,3.0,0.511737237261468

Difference Standard deviations:
0.0,-1.02533694287748,-2.093328410009499,-1.2262017619141767,-0.4973595091470111,2.596776345937656,-1.1911906956014593,-1.6709723071914677,1.4347460977859035,-1.540467789873332,-1.3702714350527097,3.578766466535196,-2.2169249078167668,-1.2753397312868766,-3.4524073171395044,-0.4752647432463588,-1.170993812433888,-0.41799429073772654,1.371223279357797,0.293352008786405,-0.5174594727962649
Standard Deviations of Difference Standard deviations:
0.0,1.8275926187123244,4.564318302487588,1.9076231762754376,3.233424281798652,3.1001473773003263,5.925267203597509,5.377179646920441,3.7826746440212995,1.2753856933676986,3.826850461414642,3.8193493660334084,3.4732889635304542,2.566987827937127,5.306066838407323,3.638747643382515,6.201278181097512,1.2231016553974383,6.226533145238872,5.558158851438978,0.7392934083879139

