|Average Differences all-accuracies with --n_neurons 20 without --inh ,--exc ,--intensity ,--seed ,--num_repeats over 100images|

Column names:
0,1,2,3,4,5,6,7,8,9,10,11,12,13,14,15,16,17,18,19,Average

Difference Averages:
0.0,-2.4,-5.2,-2.8,3.2,0.8,1.6,2.0,2.0,0.0,-1.6,-2.4,-1.6,1.6,-0.8,-0.8,-0.4,0.0,0.0,1.2,-0.27999999999999997
Standard Deviations of Difference Averages:
0.0,5.986651818838306,6.764613810115105,5.455272678794342,9.682974749528164,5.455272678794343,2.9393876913398134,7.694153624668538,6.324555320336759,2.8284271247461903,1.4966629547095767,2.939387691339814,2.3323807579381204,2.939387691339814,0.9797958971132713,1.5999999999999999,2.65329983228432,2.1908902300206643,0.0,0.9797958971132713,0.23999999999999996

Difference Standard deviations:
0.0,0.8148887587007728,-3.2727029985879597,1.2275449490132586,-2.926924924954521,-2.7122916921400484,-0.4311955774398317,-0.9301289587598685,-1.2104264650580299,1.9186111373771972,3.7612496949731393,2.5314777981537833,4.8,-2.066060555964672,2.4,1.6,1.2,0.8,0.0,-3.6,0.19520205826566098
Standard Deviations of Difference Standard deviations:
0.0,6.066118070591635,4.055582400930406,2.061024513609291,8.0569498328457,5.755331702239511,4.549489486134319,5.321973062971055,3.8705610658576513,3.485161358883811,3.0851263170876475,2.287057395401642,6.997142273814361,3.9159967368856323,2.939387691339814,4.454211490264018,5.6,5.1536394906900505,0.0,2.9393876913398134,0.4444747893335743

