|Average Differences proportion-accuracies with --time 20 without --n_neurons 10,--num_repeats over 100images|

Column names:
0,1,2,3,4,5,6,7,8,9,10,11,12,13,14,15,16,17,18,19,Average

Difference Averages:
0.0,-3.8333333333333335,0.6666666666666666,-0.16666666666666666,-1.1666666666666667,-1.6666666666666667,4.166666666666667,0.5,3.8333333333333335,-0.5,2.6666666666666665,-3.1666666666666665,-1.5,-1.3333333333333333,1.0,1.0,-0.8333333333333334,-1.1666666666666667,1.5,-1.0,-0.05000000000000001
Standard Deviations of Difference Averages:
0.0,5.257270098529168,3.8586123009300755,6.025409160841739,10.846146269015962,6.871842709362768,8.304951668867329,9.836157786453,6.02540916084174,3.7527767497325675,6.128258770283412,5.969831562857438,5.041494487418058,4.570436400267363,6.557438524302,4.864839839775475,5.742144392317405,1.724013405464767,3.662876829305985,2.0816659994661326,0.5722761571129799

Difference Standard deviations:
0.0,1.512296698540607,1.0871200771178955,0.13172921388375558,0.29894736825576934,3.1747439537828215,-1.530858566635936,-0.08317435040698513,-0.44263148051445045,-0.18167883028091594,-1.8121178423170283,2.5538359980197565,-0.752237945033504,0.7070693413419824,-0.40176193986583525,0.10367328440917441,0.3603595211664528,1.7953685461059485,0.2904077597859323,1.1972632966899937,0.4004177052022717
Standard Deviations of Difference Standard deviations:
0.0,2.9854477912447854,3.4657156983547406,3.1418412791306927,6.130982143987061,3.2883765958253544,5.459952353957561,5.529470613935491,5.384695981776267,2.793031760899296,4.733933476213578,4.590973927002095,4.717359053431036,5.104199572458212,4.539623218861017,5.897041981134518,5.413715482262278,3.8736554076302565,3.3365130645520424,3.9959921969204886,0.9513822232914945

